date,portfolio_return,hit_rate,avg_top5_return,train_time,final_epoch,best_val_return,top5_factor_1,top5_factor_2,top5_factor_3,top5_factor_4,top5_factor_5,top5_return_1,top5_return_2,top5_return_3,top5_return_4,top5_return_5
2005-02-01,0.06977538001794249,0.2,0.0697752982378006,1.5610151290893555,28,0.6483923494815826,Inflation_CS,RSI14_TS,LT Growth_CS,3MTR_TS,120MA Signal_TS,3.885929166511364,-3.234356535456003,0.12481761452596886,-0.7720635888336297,0.3445502433420122
2005-03-01,-0.5603921172581979,0.0,-0.5603920817375183,0.4285740852355957,12,0.6829891502857208,360 Day Vol_CS,RSI14_TS,Inflation_TS,Best Div Yield_CS,120MA Signal_TS,-2.445905034681296,1.844548295027639,-0.1604072111105616,-0.0901416776908613,-1.95005495783591
2005-04-01,0.012923484520620398,0.0,0.012923503294587135,1.076958179473877,30,0.9065580368041992,Earnings Yield_CS,3MTR_TS,P2P_TS,Budget Def_TS,Inflation_CS,-1.515164433281704,1.975930671620354,1.709860153520666,0.6864413979077728,-2.792450367163987
2005-05-01,1.1970422991608596,0.0,1.1970423460006714,0.8504328727722168,24,0.7905815243721008,Earnings Yield_CS,Debt to EV_TS,RSI14_TS,3MTR_TS,Earnings Yield_TS,1.976223173419623,1.013953762672746,1.595614727839376,1.556884875868582,-0.1574650439960291
2005-06-01,0.2046798456685417,0.0,0.20467981696128845,0.4264218807220459,12,0.6081447154283524,Best Div Yield_CS,120MA Signal_TS,Best PE _CS,Inflation_CS,10Yr Bond_TS,-0.8063378225179132,-0.7936176514267378,1.872907435646827,-0.001858057572664412,0.752305324213197
2005-07-01,-0.3525829828129277,0.0,-0.35258299112319946,0.8351869583129883,24,0.6858934164047241,RSI14_TS,3MTR_TS,3MTR_CS,Inflation_CS,BEST EPS_CS,-0.4138323027887698,-0.559978576398077,-2.090057633070655,0.190752888004983,1.11020071018788
2005-08-01,1.045187821875903,0.0,1.0451878309249878,1.5364410877227783,44,0.8789003789424896,RSI14_TS,Earnings Yield_CS,3MTR_CS,120MA Signal_TS,BEST EPS_CS,1.937327906641631,0.9497960415005258,1.999726903689129,-4.012552806396458,4.351641063944688
2005-09-01,3.08809823800446,0.2,3.0880980491638184,1.2263741493225098,35,0.666075587272644,REER_CS,Best Cash Flow_CS,Advance Decline_TS,10Yr Bond_TS,BEST EPS_CS,-1.455610081391734,4.689451893358715,-0.1620195263680992,1.466097509284399,10.90257139513902
2005-10-01,1.8661573541727186,0.2,1.8661572933197021,0.5109643936157227,15,0.6926020383834839,Copper 12_TS,Best Cash Flow_CS,Inflation_CS,3MTR_TS,BEST EPS_CS,1.402443903088135,3.531160667856047,1.590599147612812,2.184027226133727,0.6225558261728721
2005-11-01,1.245691361561203,0.0,1.2456912994384766,0.4887239933013916,14,0.6558203101158142,Best Cash Flow_CS,Copper 12_TS,10Yr Bond_TS,BEST EPS_CS,Inflation_CS,2.884831088986027,-1.115502945580662,-2.00824701124005,3.374487220852262,3.092888454788438
2005-12-01,0.8366031008047299,0.2,0.8366031646728516,0.5796148777008057,16,0.806091696023941,Copper 12_TS,Best Cash Flow_CS,BEST EPS_CS,Inflation_CS,120MA Signal_TS,0.1190356290932573,7.397428505278625,-2.367725406467731,-0.7232764202365807,-0.2424468036439205
2006-01-01,5.74271355610507,0.4,5.742713928222656,0.8909633159637451,26,0.8925692141056061,3MTR_TS,360 Day Vol_CS,Inflation_CS,Best Cash Flow_CS,BEST EPS_CS,0.4126749461272242,6.886982785209717,4.607832872992606,8.222565285091562,8.583511891104237
2006-02-01,-1.5200789423163754,0.0,-1.5200788974761963,0.826758861541748,23,1.0249391198158264,Trailing EPS 36_TS,Best Cash Flow_CS,GDP_TS,Inflation_CS,BEST EPS_CS,-1.72700301496955,-6.199325523776094,-0.5477881204864602,1.165471212462587,-0.2917492648123607
2006-03-01,-0.7560465877495337,0.0,-0.75604647397995,0.6796081066131592,19,0.9371132850646973,3MTR_TS,Debt to EV_CS,360 Day Vol_CS,Best Cash Flow_CS,BEST EPS_CS,-0.476490749023855,1.55144787735126,-1.749778804569267,-1.233583726276757,-1.87182753622905
2006-04-01,0.35023591951142385,0.2,0.3502359390258789,0.6713552474975586,19,1.0398638844490051,EV to EBITDA_CS,3MTR_TS,Best Cash Flow_CS,Inflation_CS,BEST EPS_CS,-4.370215566368048,3.316825271681109,1.303285141086867,1.706511138263286,-0.2052263871060944
2006-05-01,-1.0954157575939774,0.2,-1.0954158306121826,0.5328938961029053,15,0.885288804769516,Copper 12_TS,P2P_CS,120MA Signal_TS,BEST EPS_CS,Inflation_CS,2.001229020249185,2.859721741438787,-2.437968268338847,-3.661711818254997,-4.238349463064016
2006-06-01,-0.6045959803687065,0.0,-0.6045960187911987,0.7412590980529785,20,0.7996799647808075,20 Day Vol_TS,1MTR_CS,Inflation_CS,3MTR_TS,120MA Signal_TS,0.249769405452287,0.0709421502481186,-1.644956063824021,0.133462523364147,-1.832197917084064
2006-07-01,1.0617825421851934,0.2,1.0617825984954834,1.029466152191162,28,0.8802275657653809,10Yr Bond_TS,360 Day Vol_CS,3MTR_TS,Earnings Yield_CS,BEST EPS_CS,-1.537589377371078,3.345166785975393,0.01541815545484555,3.103735100588941,0.3821820462778656
2006-08-01,0.47717044514954193,0.2,0.477170467376709,0.5562522411346436,15,0.46909527480602264,RSI14_TS,3MTR_TS,10Yr Bond_TS,P2P_CS,BEST EPS_CS,-0.008363973089615603,1.253265094222704,-0.1633388846363597,0.6831621732948687,0.6211278159561126
2006-09-01,-0.6980473805729562,0.2,-0.698047399520874,0.4429476261138916,13,0.662866860628128,BEST EPS_CS,120MA Signal_TS,Copper 12_TS,Best Cash Flow_CS,Inflation_CS,-2.021901121823924,2.642997046804721,-1.773489694436711,-1.375209893870379,-0.9626332395384879
2006-10-01,0.6587642469746255,0.2,0.6587641835212708,1.1268270015716553,31,0.6274769306182861,Agriculture_CS,10Yr Bond_TS,Debt to EV_TS,Inflation_CS,BEST EPS_CS,-0.400231683750496,0.4927998838361404,-2.442654078839501,3.596143990997957,2.047763122629027
2006-11-01,-1.718043620195472,0.0,-1.718043565750122,0.47182583808898926,13,0.6425924599170685,P2P_CS,Currency 12_CS,Best Cash Flow_CS,Copper 12_TS,Inflation_CS,-0.1140468940324969,-2.698236081200648,-2.607707614080502,-1.382188569794413,-1.788038941869301
2006-12-01,-0.2004955902039217,0.2,-0.20049571990966797,0.7911019325256348,23,0.6919533312320709,GDP_TS,3MTR_TS,Best Cash Flow_CS,10Yr Bond_TS,BEST EPS_CS,10.1110729298217,-1.923680081730329,-2.710015523905857,-4.614290092590914,-1.865565182614209
2007-01-01,0.953657290783698,0.2,0.9536572694778442,1.0263700485229492,29,0.8511798083782196,10Yr Bond_CS,BEST EPS_CS,3MTR_TS,Best ROE_CS,Inflation_CS,-0.2044854024536212,-0.2354181378770442,-2.348888860813121,-2.051123517015444,9.60820237207772
2007-02-01,-0.19602593831949094,0.0,-0.19602596759796143,0.5535669326782227,14,0.6907070279121399,Current Account_CS,Current Account_TS,BEST EPS_CS,Best Cash Flow_CS,Inflation_CS,-0.04619278742428032,-1.533288429961917,-0.8784695797755673,1.958320507377683,-0.4804994018133733
2007-03-01,0.4481483154669538,0.0,0.44814831018447876,0.5854372978210449,16,0.7388826310634613,Copper 12_TS,Best ROE_TS,10Yr Bond_CS,Trailing EPS 36_TS,Inflation_CS,-0.201011412482132,0.7854896207361329,1.481882653362281,1.406737565986081,-1.232356850267594
2007-04-01,1.170727136507702,0.2,1.1707271337509155,1.4472687244415283,40,0.758920282125473,20 Day Vol_TS,Best ROE_CS,GDP_TS,BEST EPS_CS,Inflation_CS,3.287770073351378,2.247171475579513,2.29104185347919,0.8809189811410656,-2.853266701012635
2007-05-01,0.3544911459253547,0.2,0.35449114441871643,1.145348072052002,32,0.7163137197494507,Best Cash Flow_CS,Current Account_TS,20 Day Vol_TS,Currency 12_CS,Inflation_CS,0.2087092852774794,0.5402498188396678,0.9868764359210234,-3.896971657934124,3.933591847522727
2007-06-01,1.6622061545193887,0.4,1.6622060537338257,0.5027129650115967,14,0.7173792123794556,GDP_TS,10Yr Bond_CS,20 Day Vol_TS,Best ROE_CS,BEST EPS_CS,3.585537518568127,1.601938860855313,3.530459948198728,-0.8594332312450492,0.452527676219824
2007-07-01,3.105390805926233,0.2,3.105391025543213,0.5306661128997803,15,0.6631930768489838,Inflation_CS,Currency Vol_TS,GDP_TS,10Yr Bond_TS,BEST EPS_CS,2.871878515675629,7.044184028014948,2.503842029129095,2.735064942333155,0.3719845144783407
2007-08-01,0.9540850547098266,0.2,0.9540850520133972,0.7600240707397461,20,0.6127921938896179,Currency 12_CS,Current Account_TS,120MA Signal_TS,GDP_TS,Inflation_CS,0.7243911308202988,1.708428862262446,-0.2879620353659393,2.660552096436714,-0.0349847806043857
2007-09-01,2.4574128231183154,0.2,2.4574127197265625,0.9856917858123779,27,0.667777806520462,Best Div Yield_CS,GDP_TS,BEST EPS_CS,10Yr Bond_TS,Inflation_CS,-1.549469191108038,3.893566154701408,-0.08760851193468783,3.638338626276742,6.392237037656151
2007-10-01,0.22464841528928137,0.0,0.22464832663536072,0.41119384765625,12,0.5371259152889252,120MA Signal_TS,Copper 12_TS,Currency 12_CS,20 Day Vol_TS,Inflation_CS,4.315028070258426,-3.18993201969465,-3.560428221449303,-1.354375636938428,4.912949884270362
2007-11-01,-1.9446427366013832,0.0,-1.9446426630020142,1.390739917755127,40,0.9064190685749054,Current Account_TS,GDP_TS,360 Day Vol_CS,BEST EPS_CS,Inflation_CS,-2.114870637993001,-1.856002262865238,-2.845480213671832,-1.381931494829353,-1.524929073647494
2007-12-01,-1.2754756487644305,0.0,-1.2754757404327393,0.7572219371795654,22,0.8961393535137177,Current Account_CS,360 Day Vol_TS,Inflation_CS,360 Day Vol_CS,GDP_TS,-0.629798387550352,-2.608791190958073,-1.888892721465405,-0.7243997230148157,-0.5254962208335072
2008-01-01,-0.8760745137216986,0.0,-0.876074492931366,0.6015369892120361,16,0.47320041060447693,RSI14_TS,GDP_TS,120MA Signal_TS,Trailing EPS 36_TS,Inflation_CS,2.487725393816734,-3.492984983849726,1.46952556885772,-1.358607784235953,-3.486030763197268
2008-02-01,2.1694483366728035,0.2,2.1694483757019043,0.8005712032318115,22,0.7921571135520935,Advance Decline_CS,Current Account_TS,BEST EPS_CS,GDP_TS,Inflation_CS,3.327872258059096,4.757574565276911,1.60298200581881,3.40224635805945,-2.243433503850248
2008-03-01,-4.248152725873579,0.0,-4.248152732849121,0.47312307357788086,13,0.8274183571338654,Inflation_CS,10Yr Bond_CS,Current Account_TS,120MA Signal_TS,20 Day Vol_TS,-11.15011580234576,-3.114241939200905,-1.526255792518151,-4.746448695263645,-0.7037014000394332
2008-04-01,2.5604624875755557,0.0,2.560462474822998,0.6223909854888916,17,0.8558579981327057,20 Day Vol_TS,Best PE _TS,GDP_TS,Best ROE_CS,BEST EPS_CS,3.117281622935043,3.167931309681876,2.26655493491042,2.266488510068305,1.984056060282135
2008-05-01,2.547976042526318,0.4,2.547976016998291,0.8806939125061035,24,0.7412877082824707,GDP_TS,Best ROE_CS,20 Day Vol_TS,BEST EPS_CS,10Yr Bond_CS,1.129186366129307,4.748817303002604,0.8858278969659681,4.530956054152553,1.445092592381158
2008-06-01,0.24838738188349377,0.0,0.2483873814344406,0.7958230972290039,23,0.7429969310760498,Inflation_CS,Inflation_TS,10Yr Bond_CS,Best PE _TS,20 Day Vol_TS,1.23713565635454,0.7714124675835974,-1.20551131164314,-0.4696057723800037,0.9085058695024752
2008-07-01,-0.9848747231370781,0.0,-0.9848745465278625,0.43418288230895996,12,0.6881751120090485,Copper 12_TS,10Yr Bond_CS,GDP_TS,20 Day Vol_TS,120MA Signal_TS,-3.683087929507598,2.815886208573608,0.9211434485005103,0.2217361463648421,-5.200051489616754
2008-08-01,0.32153761465176933,0.2,0.32153764367103577,0.5995779037475586,17,0.6915608495473862,10Yr Bond_CS,360 Day Vol_CS,3MTR_TS,12-1MTR_CS,Inflation_CS,-0.6479583629103398,-2.623803462312893,2.014729078091444,-1.583849736479476,4.448570556870111
2008-09-01,-0.2129903373532221,0.0,-0.21299035847187042,0.3758280277252197,11,0.44630667567253113,Best PBK_CS,120MA Signal_TS,10Yr Bond_CS,Copper 12_TS,Inflation_CS,0.884800672357211,-1.322685871451001,-1.896437859602537,0.7947705834329688,0.4746007884972481
2008-10-01,-2.884501086626701,0.0,-2.8845009803771973,0.5647759437561035,16,0.6417971253395081,3MTR_CS,360 Day Vol_TS,120MA Signal_TS,10Yr Bond_CS,Inflation_CS,-2.09109387834755,-0.2215339586785298,-3.733907124258184,-4.233745118556937,-4.142225353292305
2008-11-01,-0.020011781038876353,0.0,-0.02001173421740532,0.6466817855834961,19,0.6973260343074799,Debt to EV_TS,Best ROE_CS,10Yr Bond_CS,BEST EPS_CS,Inflation_CS,2.286865126180388,-1.289522749890133,-0.2420333086129295,-0.2844052634235379,-0.5709627094481695
2008-12-01,-0.2333685919606731,0.0,-0.23336854577064514,0.4690830707550049,13,0.5271797478199005,P2P_CS,360 Day Vol_TS,Best ROE_CS,20 Day Vol_TS,Inflation_CS,-2.241314997951335,-0.8732554006455278,1.166007343694243,-1.35492902313915,2.136649118238404
2009-01-01,0.895057171432831,0.0,0.8950570821762085,0.4149458408355713,12,0.5771721452474594,Inflation_TS,Current Account_CS,Best Cash Flow_CS,Bloom Country Risk_TS,Inflation_CS,2.133656548695295,1.69237846678633,-0.4276586180819622,0.2562504525964513,0.8206590071680411
2009-02-01,1.0625548287574484,0.2,1.062554955482483,0.7459201812744141,22,0.6265170574188232,Earnings Yield_TS,EV to EBITDA_CS,Advance Decline_TS,120MA Signal_TS,Inflation_CS,-0.1667065622145691,-1.152133773353024,1.571649388585596,6.551944027529845,-1.491978936760605
2009-03-01,0.6045253249076056,0.0,0.6045253276824951,0.3735489845275879,11,0.29962652921676636,Best PBK_TS,360 Day Vol_TS,Best Div Yield_CS,Copper 12_TS,Inflation_CS,0.1150240218524487,-0.3007629564956218,-0.03625274478073204,-0.9688293614959625,4.213447665457895
2009-04-01,-0.6357098682699969,0.0,-0.6357098817825317,0.6624200344085693,19,0.5382542759180069,Current Account_TS,Best PE _TS,Copper 12_TS,BEST EPS_CS,Inflation_CS,-0.5464439636490653,-3.058355838211071,-3.364782105958068,0.3562746758685065,3.434757890599713
2009-05-01,0.9557734766960179,0.0,0.9557734727859497,0.46413588523864746,13,0.6953536570072174,20 Day Vol_TS,BEST EPS_CS,360 Day Vol_TS,10Yr Bond_CS,Inflation_CS,-0.2660322865278258,1.841490019015449,-3.44356409399439,4.492746515531207,2.154227229455649
2009-06-01,0.6955253072734258,0.0,0.6955252885818481,0.6744911670684814,19,0.8076700866222382,Debt to EV_TS,BEST EPS_CS,10Yr Bond_CS,20 Day Vol_TS,Inflation_CS,1.462390149665048,0.7718723511557266,0.1741009153165781,-1.388019883573505,2.457283003803281
2009-07-01,-0.7911047217924944,0.0,-0.7911047339439392,1.204796314239502,34,0.6955561637878418,P2P_CS,LT Growth_CS,1MTR_TS,Current Account_CS,Inflation_CS,-2.398682169329214,-1.127018664398026,-1.498568266430556,1.439594680074227,-0.3708491888789023
2009-08-01,0.324914565174914,0.0,0.3249145448207855,0.6416161060333252,18,0.8230822086334229,Trailing EPS 36_TS,BEST EPS_CS,360 Day Vol_CS,10Yr Bond_CS,Inflation_CS,0.4836140238831759,0.0707366927413227,0.03857238196148978,-0.9867225709715242,2.018372298260106
2009-09-01,0.703056890724869,0.0,0.7030569314956665,0.8428258895874023,24,0.7353772222995758,Operating Margin_TS,GDP_TS,360 Day Vol_TS,Inflation_CS,10Yr Bond_CS,0.7116504882511011,3.243214935230993,-0.1975743923462954,-1.144007007646821,0.9020004301353669
2009-10-01,0.5228154371816918,0.0,0.5228154063224792,0.48025012016296387,14,0.6915153563022614,Advance Decline_TS,360 Day Vol_CS,360 Day Vol_TS,Inflation_CS,BEST EPS_CS,0.6437491113217225,-0.377469990824871,0.1351408127537306,1.544387835894341,0.6682694167635358
2009-11-01,1.1842559514350937,0.4,1.1842559576034546,0.7014667987823486,20,0.8260847926139832,1MTR_TS,EV to EBITDA_CS,10Yr Bond_CS,GDP_TS,Inflation_CS,-0.2744567717573889,-2.273140198407818,3.461638209401713,2.853129850583389,2.154108667355573
2009-12-01,0.6999404673842116,0.2,0.6999404430389404,0.56992506980896,16,0.7681764662265778,3MTR_CS,Advance Decline_TS,BEST EPS_CS,10Yr Bond_CS,Inflation_CS,0.8272312032520636,-2.54759134079561,3.70783096098795,-0.5973686225761696,2.109600136052824
2010-01-01,0.11412467922428712,0.0,0.11412467807531357,1.080042839050293,30,0.8003665506839752,EV to EBITDA_CS,GDP_TS,10Yr Bond_CS,BEST EPS_CS,Inflation_CS,-0.3452921680131095,-0.08260998793251512,0.1154109540535062,0.7652584761825211,0.117856121831033
2010-02-01,-0.43076033656536666,0.0,-0.43076032400131226,0.6510882377624512,19,0.6890151500701904,LT Growth_CS,20 Day Vol_TS,GDP_TS,10Yr Bond_CS,Inflation_CS,0.7635949689402968,-0.8116344744386563,-0.6990069534318547,-1.07119849519479,-0.335556728701829
2010-03-01,0.5464712752812014,0.2,0.5464712977409363,1.3176612854003906,38,0.6912190914154053,Operating Margin_TS,Debt to GDP_CS,Bloom Country Risk_CS,GDP_TS,10Yr Bond_CS,-2.538625275497006,0.6524066392541883,0.8963428027706875,0.6080261201383372,3.1142060897398
2010-04-01,0.15293105015347042,0.0,0.1529310643672943,0.5826640129089355,17,0.7510578036308289,360 Day Vol_TS,GDP_TS,Advance Decline_TS,BEST EPS_CS,Inflation_CS,-0.5078857838425062,0.9298620477710656,-2.392938968662594,0.9320943503719759,1.803523605129411
2010-05-01,0.36541915419481813,0.0,0.3654191195964813,0.68410325050354,20,0.8333632051944733,1MTR_TS,120MA_TS,10Yr Bond_CS,Inflation_CS,360 Day Vol_CS,-1.955128115373272,1.439841981665016,1.322450336555735,1.566713570139583,-0.5467820020129716
2010-06-01,1.5940794941578031,0.2,1.594079613685608,0.5562613010406494,16,0.6232506334781647,LT Growth_CS,120MA Signal_TS,Bloom Country Risk_CS,GDP_TS,Inflation_CS,-0.6185697552816455,3.385285067939834,2.53222527482689,1.868742897674219,0.8027139856297182
2010-07-01,0.03183408648817988,0.0,0.03183407709002495,0.631587028503418,18,0.9665140211582184,GDP_TS,Trailing EPS 36_CS,Inflation_CS,Bloom Country Risk_CS,10Yr Bond_CS,-1.541859329903519,-0.9859472397748772,0.4566146114695135,2.232360063430704,-0.001997672780922055
2010-08-01,-0.47131591771143955,0.0,-0.4713159203529358,0.7049760818481445,20,0.7251587510108948,Current Account_CS,GDP_TS,Current Account_TS,Bloom Country Risk_CS,10Yr Bond_CS,1.296336913130831,-0.1555383807755457,-3.411259761373089,-1.166345151213383,1.080226791673989
2010-09-01,1.2053926441379903,0.4,1.205392599105835,0.502661943435669,14,0.7271880209445953,120MA Signal_TS,Best ROE_CS,360 Day Vol_TS,Inflation_CS,10Yr Bond_CS,0.5461205985440711,-1.272861979065675,3.021161388085241,0.05342625666661938,3.679116956459694
2010-10-01,-0.36104909463035856,0.0,-0.361049085855484,1.0883100032806396,31,0.8183701038360596,Trailing EPS 36_CS,Bloom Country Risk_CS,GDP_TS,Inflation_CS,10Yr Bond_CS,-0.2848844185524758,-0.5850784411373298,-0.06167592260077001,0.05410757359347734,-0.9277142644546945
2010-11-01,-2.78596544944883,0.0,-2.7859654426574707,0.4590620994567871,13,0.7778802514076233,GDP_TS,20 Day Vol_TS,360 Day Vol_CS,Inflation_CS,10Yr Bond_CS,-0.8941650633716158,-3.658134939438091,-5.796267989670317,-0.1125881133604768,-3.468671141403648
2010-12-01,-0.4944494264240097,0.0,-0.4944494366645813,0.8200607299804688,24,0.5141280740499496,120MA Signal_TS,LT Growth_CS,20 Day Vol_TS,360 Day Vol_CS,10Yr Bond_CS,-1.25884355169066,-0.3847522174864476,0.2884528045877854,-0.6879751388676969,-0.4291290286630292
2011-01-01,-2.9705435245056444,0.0,-2.970543384552002,0.831963062286377,24,0.770275890827179,Trailing EPS 36_TS,Bloom Country Risk_CS,360 Day Vol_CS,10Yr Bond_CS,Inflation_CS,0.7285907364431004,-5.689180830410651,2.057746763838414,-9.520208618971994,-2.429665673427094
2011-02-01,-0.8740725432081209,0.2,-0.8740725517272949,0.8801908493041992,26,0.6933027803897858,Best Div Yield_CS,Currency Vol_TS,Trailing EPS 36_TS,GDP_TS,360 Day Vol_CS,-0.5081969287936485,-4.553134955295769,2.953553502336001,-1.325607530185725,-0.9369768041014637
2011-03-01,1.765820654067643,0.4,1.7658207416534424,0.40859103202819824,12,0.5198821127414703,Best Div Yield_CS,Bloom Country Risk_CS,20 Day Vol_TS,LT Growth_CS,10Yr Bond_CS,-2.283286323132203,4.037297461219777,3.3274547910214,-1.161952720366741,4.909590061595984
2011-04-01,0.75000350275804,0.4,0.7500035166740417,1.733309030532837,49,0.3793632537126541,3MTR_TS,360 Day Vol_CS,Current Account_TS,EV to EBITDA_CS,Inflation_CS,0.2330752255688587,3.597184323936131,-1.364116823453444,3.795577985950147,-2.511703198211493
2011-05-01,-0.9634405455837058,0.2,-0.9634405374526978,0.5869743824005127,17,0.63300721347332,Trailing EPS 36_CS,Best Div Yield_CS,360 Day Vol_CS,360 Day Vol_TS,10Yr Bond_CS,2.48572339916731,-1.323292781908071,-2.86946810128719,-1.792947543347511,-1.317217700543066
2011-06-01,-0.27032362430005374,0.0,-0.27032360434532166,0.5276873111724854,15,0.5767242908477783,REER_TS,12-1MTR_CS,Current Account_TS,360 Day Vol_CS,Inflation_CS,-0.398370658608811,-0.7668952814580637,-0.8894168654986061,-0.4634436202252392,1.166508304290451
2011-07-01,-2.62556785377192,0.0,-2.62556791305542,0.9671659469604492,28,0.7299914062023163,20 Day Vol_TS,Best Div Yield_CS,EV to EBITDA_CS,Best PE _CS,10Yr Bond_CS,-4.962077176613588,-4.019055227278663,-2.262609769061986,-3.497164788111036,1.613067692205669
2011-08-01,0.07318479033246872,0.0,0.07318482547998428,0.5156428813934326,15,0.6429168283939362,120MA Signal_TS,10Yr Bond_CS,LT Growth_CS,GDP_TS,Inflation_CS,0.6011978597465037,0.518753281852552,-2.340963465533102,0.7795058763097468,0.8074303992866433
2011-09-01,0.9244758727258828,0.0,0.9244759678840637,0.7609851360321045,22,0.6753108352422714,Bloom Country Risk_CS,120MA Signal_TS,360 Day Vol_CS,Inflation_CS,10Yr Bond_CS,1.448250094164782,-0.9419842298332857,0.9850763380510497,0.5377071938258482,2.59332996742102
2011-10-01,-1.0649052113368138,0.0,-1.0649051666259766,0.7624180316925049,22,0.5769948959350586,Budget Def_CS,Bloom Country Risk_CS,REER_TS,Inflation_CS,Trailing EPS 36_TS,0.9130153425642745,-2.789010263063506,2.08535136868639,-1.756948813093562,-3.776933691777666
2011-11-01,-1.1338866674370138,0.0,-1.1338865756988525,0.7373688220977783,21,0.6302173286676407,120MA Signal_TS,Best Div Yield_CS,Bloom Country Risk_CS,Trailing EPS 36_TS,10Yr Bond_CS,-0.427519389202298,-2.424722153439594,-3.180008222709068,1.978721991208526,-1.615905563042635
2011-12-01,-0.4256483724762573,0.2,-0.42564839124679565,0.6382687091827393,18,0.5610130727291107,LT Growth_CS,P2P_TS,Inflation_CS,120MA Signal_TS,10Yr Bond_CS,-1.018117733079628,1.189512183908852,-2.886379001648278,3.542142216523991,-2.955399528086223
2012-01-01,2.388713344715975,0.2,2.3887133598327637,0.8192329406738281,24,0.5504269152879715,120MA Signal_TS,P2P_TS,10Yr Bond_CS,RSI14_TS,Budget Def_CS,-1.083801017366916,-0.8298269771496308,5.113162395679185,7.6747973462542,1.069234976163037
2012-02-01,-0.4062451072546507,0.0,-0.4062451422214508,1.5274510383605957,45,0.678163468837738,Inflation_CS,Advance Decline_CS,Advance Decline_TS,REER_TS,Budget Def_CS,0.6331813479062482,-1.851632781919279,-1.031291221126493,-0.1481361547698429,0.3666532736361132
2012-03-01,0.5016446516353471,0.2,0.5016446113586426,0.9990489482879639,28,0.6070083677768707,LT Growth_CS,RSI14_TS,10Yr Bond_CS,Advance Decline_TS,Budget Def_CS,0.3226949123782278,-1.865867073026912,-1.486659992539456,3.44124671142025,2.096808699944626
2012-04-01,-0.4763804141777136,0.0,-0.4763804078102112,0.9470870494842529,27,0.594968855381012,20 Day Vol_TS,REER_CS,Best PE _CS,Budget Def_CS,GDP_TS,-2.50329075476096,1.489066329903882,-1.508158038551124,1.449515150509356,-1.309034757989722
2012-05-01,1.455607836704605,0.2,1.4556078910827637,1.2070200443267822,35,0.662235289812088,REER_TS,REER_CS,P2P_TS,Trailing EPS 36_CS,Budget Def_CS,1.075454127629337,2.715408715864559,1.630926499829942,1.486736094637918,0.3695137455612701
2012-06-01,-0.41795559699759854,0.0,-0.41795557737350464,0.4159386157989502,12,0.6019970625638962,P2P_TS,Copper 12_TS,Best ROE_TS,Budget Def_CS,10Yr Bond_CS,0.5948121017378529,-1.210358461573049,-2.831860684797978,-1.413863670344428,2.771492729989609
2012-07-01,0.23702419747408396,0.0,0.237024188041687,0.5691649913787842,16,0.6168614476919174,Inflation_CS,Advance Decline_TS,P2P_TS,GDP_TS,Trailing EPS 36_CS,0.7092422074776074,1.085160311363829,0.3755151947766421,-0.07896471183532675,-0.9058320144123317
2012-08-01,-0.8122624229941746,0.0,-0.8122623562812805,0.6273298263549805,18,0.5818214863538742,Budget Def_CS,Advance Decline_TS,10Yr Bond_CS,Trailing EPS 36_CS,Trailing EPS 36_TS,-0.8562820930364355,0.6208190692151262,-1.862065845793901,0.8616430697453443,-2.825426315101007
2012-09-01,0.46633647855832255,0.0,0.4663364291191101,1.8101840019226074,51,0.5731518715620041,360 Day Vol_TS,Trailing PE_TS,P2P_TS,Best Div Yield_CS,Advance Decline_CS,-0.9524502192633462,1.127554331683972,0.2884519065909967,-0.2273221900951458,2.095448563875136
2012-10-01,-0.1754130022693163,0.0,-0.17541301250457764,0.9370999336242676,26,0.6084888428449631,Operating Margin_CS,360 Day Vol_CS,RSI14_TS,P2P_TS,Advance Decline_TS,0.7094742280477095,0.5267680776202565,-1.043488485311017,-0.9121079376283002,-0.1577108940752303
2012-11-01,-0.14835896055668168,0.0,-0.14835897088050842,0.7617347240447998,22,0.49782465398311615,Current Account_TS,10Yr Bond_CS,P2P_TS,Advance Decline_TS,Best PBK_TS,-0.08422053090888348,-1.15075161191223,-0.3798068379953086,0.7418226763098019,0.1311615017232117
2012-12-01,0.40484863024887136,0.2,0.4048486351966858,0.6325540542602539,18,0.5552922636270523,GDP_TS,360 Day Vol_TS,Budget Def_CS,10Yr Bond_TS,1MTR_TS,-0.1205861625587744,0.4704200979874437,-0.06349275692191306,-0.8639986982351424,2.601900670972743
2013-01-01,-1.0959987866277998,0.0,-1.095998764038086,1.8335001468658447,53,0.7374309301376343,Budget Def_CS,Current Account_TS,3MTR_CS,Best Div Yield_CS,Advance Decline_TS,-0.4202585403151611,-2.144086499490298,-0.1346357088937045,-0.1294992546106717,-2.651513929829164
2013-02-01,-0.45509161947510873,0.0,-0.45509156584739685,0.9337308406829834,27,0.6678571552038193,LT Growth_TS,Trailing EPS 36_CS,Best Div Yield_CS,REER_TS,Advance Decline_TS,-0.2424989220648139,0.01552862713592278,-0.7744546260296057,0.7687875690692443,-2.042820745486291
2013-03-01,-0.5187994021067223,0.0,-0.5187994241714478,0.9846651554107666,28,0.5709608793258667,Best Div Yield_CS,Budget Def_CS,Advance Decline_TS,LT Growth_TS,REER_TS,-2.101274330816062,-0.8463092527016581,1.022853303272489,-2.530840793643455,1.861574063355075
2013-04-01,0.33355069431502565,0.0,0.33355069160461426,0.6566011905670166,19,0.6837120652198792,Best Div Yield_CS,P2P_TS,Budget Def_CS,REER_TS,Advance Decline_TS,-0.3173380575407846,0.722758869117699,1.207208004808066,1.678824680818703,-1.623700025628555
2013-05-01,-0.4458258757508887,0.2,-0.4458259046077728,0.5160491466522217,15,0.3456506058573723,10Yr Bond_TS,Best Div Yield_CS,Budget Def_CS,10Yr Bond_CS,120MA Signal_TS,-0.990933366564126,3.577706995858451,-0.4218306983511909,-3.594008334614433,-0.8000639750831446
2013-06-01,0.6560822608966951,0.4,0.656082272529602,1.703577995300293,50,0.6621618717908859,Best ROE_CS,REER_TS,P2P_TS,Advance Decline_TS,Best Div Yield_CS,-0.611648907592842,3.006320290408696,2.210648027196962,-0.5525926143197295,-0.772315491209611
2013-07-01,2.1458485374159304,0.2,2.145848512649536,0.6057097911834717,18,0.49303166568279266,Budget Def_CS,Advance Decline_TS,Best Div Yield_CS,REER_TS,P2P_TS,0.5386077275201226,4.674409995005001,3.722797897049286,-1.092886257638569,2.88631332514381
2013-08-01,0.7208939584423263,0.0,0.7208940386772156,1.220513105392456,35,0.5425025671720505,360 Day Vol_TS,Copper 12_TS,REER_TS,Budget Def_CS,Best Div Yield_CS,1.738489951238238,1.274458974903088,-0.4382484511513365,-1.227505361249339,2.257274678470981
2013-09-01,1.1990619867961656,0.2,1.1990619897842407,0.49863290786743164,15,0.7033932209014893,Inflation_TS,360 Day Vol_TS,Budget Def_CS,REER_TS,Best Div Yield_CS,0.7243699951103744,2.412541325297128,0.8096991534604969,0.889505504120433,1.159193955992396
2013-10-01,0.7997265227998047,0.0,0.7997264862060547,0.4692659378051758,13,0.6064113080501556,LT Growth_CS,Advance Decline_TS,Inflation_TS,Budget Def_CS,Best Div Yield_CS,1.396249082917493,1.136346810559433,-0.7978896038076895,1.908544575504958,0.355381748824829
2013-11-01,-0.8570394293055201,0.0,-0.8570394515991211,0.7112739086151123,21,0.5299197733402252,Advance Decline_TS,360 Day Vol_CS,Best Div Yield_CS,P2P_TS,360 Day Vol_TS,-2.237048603352445,-2.524206804768487,0.7477506407342177,0.7959245853313177,-1.067616964472204
2013-12-01,0.4966834193677728,0.2,0.49668341875076294,0.5971939563751221,18,0.6418383717536926,Best PBK_TS,Advance Decline_CS,REER_TS,Budget Def_CS,Best Div Yield_CS,-0.8217917572867158,2.024350503394702,2.036619863888388,-1.694723484065821,0.9389619709083108
2014-01-01,0.4986994082090437,0.2,0.498699426651001,0.4403221607208252,13,0.5932306796312332,RSI14_TS,P2P_TS,Inflation_TS,Budget Def_CS,Best Div Yield_CS,-2.44456108203486,2.045890337293862,-0.8656571378998452,0.7618320961687124,2.995992827517349
2014-02-01,0.696014461468504,0.4,0.6960145235061646,0.8521809577941895,25,0.6442054957151413,LT Growth_CS,Budget Def_CS,P2P_TS,REER_TS,Best Div Yield_CS,-0.1978680169312359,0.2291625788203619,2.811468090426684,-0.941883724137419,1.579193379164129
2014-03-01,-0.3953970001322849,0.0,-0.39539697766304016,0.6394481658935547,18,0.5945414006710052,120MA Signal_TS,LT Growth_CS,Advance Decline_TS,REER_TS,Best Div Yield_CS,-2.73497518281658,0.5014332767437679,0.2218730664450157,-0.1111555755702057,0.1458394145365777
2014-04-01,-0.04532725522297718,0.0,-0.04532724246382713,0.64581298828125,17,0.45641930401325226,360 Day Vol_CS,360 Day Vol_TS,Current Account_TS,120MA Signal_TS,Best Div Yield_CS,1.759457092925439,0.1906041052903233,-0.817418832712135,-0.79221948343506,-0.5670591581834532
2014-05-01,0.019389602933817064,0.0,0.019389629364013672,1.6176660060882568,45,0.509526863694191,Trailing PE_TS,REER_TS,Budget Def_CS,P2P_TS,Best Div Yield_CS,0.8704147187001396,2.135805578984526,-1.407938051783793,-0.792961138936372,-0.7083730922954155
2014-06-01,0.5508255621107154,0.0,0.5508255362510681,0.46048688888549805,13,0.4884377121925354,360 Day Vol_CS,LT Growth_CS,Inflation_TS,RSI14_TS,Best Div Yield_CS,0.070118115903035,1.151409373223417,1.104055678308795,0.9251297685804402,-0.49658512546211
2014-07-01,1.4028710729175227,0.0,1.4028711318969727,0.5979099273681641,17,0.4864163100719452,RSI14_TS,RSI14_CS,LT Growth_CS,P2P_TS,Best Div Yield_CS,2.136884282644261,4.156677795460216,-1.150021300260236,0.5757823508098409,1.295032235933531
2014-08-01,0.7482069870280924,0.2,0.7482069730758667,0.6363201141357422,18,0.41521696746349335,Advance Decline_CS,GDP_TS,Advance Decline_TS,Best PBK_TS,Best Div Yield_CS,1.894428942571881,-1.562290317842392,2.369527906633326,0.4845032412364593,0.5548651625411877
2014-09-01,-0.8239373644796656,0.2,-0.8239374160766602,0.6964569091796875,18,0.46320056915283203,Currency Vol_CS,Best PE _CS,Best Div Yield_CS,P2P_TS,Advance Decline_TS,-3.605861161924102,-4.914169154392678,-0.3298732950509656,2.812746391376983,1.917470397592436
2014-10-01,1.2917471677535197,0.2,1.2917473316192627,1.2930560111999512,35,0.5955321490764618,Best PE _TS,Advance Decline_CS,P2P_TS,Best Div Yield_CS,Advance Decline_TS,1.08529883162337,2.941387067884432,-0.249584792736263,-0.9853264155807846,3.666961147576844
2014-11-01,0.8862114790564878,0.2,0.8862115144729614,0.6304209232330322,18,0.432046040892601,REER_TS,Budget Def_CS,120MA Signal_TS,Best Div Yield_CS,Advance Decline_TS,2.053454622915571,1.03141113454927,1.451261822432187,0.007469029933232117,-0.112539214547821
2014-12-01,0.9343349891887993,0.2,0.9343350529670715,0.7890009880065918,23,0.5894839465618134,REER_TS,P2P_TS,120MA Signal_TS,Advance Decline_CS,Advance Decline_TS,-0.8128897958701399,-0.4708459100620052,2.437176306910908,1.818616985220202,1.699617359745032
2015-01-01,-1.2598182136527385,0.0,-1.2598183155059814,0.8950393199920654,27,0.5551123917102814,RSI14_CS,Best PBK_TS,Advance Decline_CS,P2P_TS,Advance Decline_TS,-2.647234089183874,-2.823825610480653,-1.195547734709981,1.594497190413457,-1.226980824302641
2015-02-01,-0.31610888215867494,0.2,-0.3161088228225708,0.6354658603668213,19,0.6238819658756256,360 Day Vol_CS,Budget Def_CS,REER_TS,10Yr Bond_TS,Advance Decline_TS,-2.882600663305642,-1.143161701761239,2.747800515516248,-1.567684553338745,1.265101992096003
2015-03-01,-0.42882002506381145,0.0,-0.42882004380226135,0.5029418468475342,15,0.49760647118091583,360 Day Vol_TS,360 Day Vol_CS,Best Div Yield_CS,P2P_TS,Advance Decline_TS,0.2299378002725238,-1.123180036327294,-1.831830065430827,0.07598475661879725,0.5049874195477425
2015-04-01,-0.4802615478905118,0.0,-0.48026156425476074,0.7011640071868896,21,0.5877699851989746,BEST EPS_TS,Best PE _TS,Advance Decline_CS,Positive PE _TS,Advance Decline_TS,-2.718933689087953,0.6234443402755265,-1.899829229336409,2.75136933546063,-1.157358496764353
2015-05-01,0.5257709093129661,0.0,0.5257708430290222,1.7007250785827637,49,0.6343208253383636,Best PE _TS,GDP_CS,BEST EPS_TS,Advance Decline_TS,Debt to EV_TS,0.6683884907545469,0.1483912300400132,2.051498531181867,0.9742847940084669,-1.213708499420063
2015-06-01,0.38156724349705273,0.2,0.3815672993659973,0.9291090965270996,26,0.5769079625606537,Best PE _TS,P2P_TS,REER_TS,Advance Decline_TS,10Yr Bond_TS,-0.9130051980649749,2.207869065568215,-0.2425648631486095,1.550771300052734,-0.6952340869221009
2015-07-01,0.051327327381381946,0.2,0.051327358931303024,0.6548552513122559,19,0.5509727895259857,Best PE _TS,LT Growth_TS,1MTR_CS,LT Growth_CS,Advance Decline_TS,-4.129342746354914,0.6369733436008664,-3.475824615851363,2.465295725735383,4.759534929776938
2015-08-01,1.017529120352236,0.0,1.0175291299819946,0.7005178928375244,20,0.5330455005168915,Current Account_TS,P2P_TS,Debt to EV_CS,LT Growth_CS,Advance Decline_TS,1.666545614026249,1.570146313477863,0.3350600502974754,1.343247214926092,0.1726464090335014
2015-09-01,0.03232203737292205,0.0,0.03232202306389809,0.8609371185302734,24,0.6132708787918091,Current Account_TS,P2P_TS,LT Growth_CS,REER_TS,Advance Decline_TS,1.252242922296909,0.06477792830499735,-0.2906545574517423,-0.5544689021355277,-0.3102872041500261
2015-10-01,0.005590908778129932,0.2,0.005590915679931641,1.2042927742004395,34,0.6430829465389252,Current Account_TS,BEST EPS_TS,P2P_TS,Advance Decline_TS,LT Growth_CS,-0.902305900166523,-0.1984027563270652,1.120131894275578,2.658930066584175,-2.650398760475515
2015-11-01,0.011238813461941954,0.0,0.011238813400268555,0.6909759044647217,20,0.6433640867471695,P2P_TS,Best PE _TS,Best Cash Flow_CS,Advance Decline_CS,Advance Decline_TS,0.3079474702787389,-1.434411193590749,-1.225758235473986,1.994438704915651,0.4139773211800549
2015-12-01,-0.054244082852099654,0.0,-0.054244089871644974,0.5585219860076904,16,0.5870859026908875,Best Div Yield_CS,Current Account_TS,REER_TS,Advance Decline_CS,Advance Decline_TS,0.2189188929387827,-0.9939480932871041,-0.440490573737904,-0.0245931399335271,0.9688924997592542
2016-01-01,0.8039283052273307,0.0,0.8039282560348511,1.1543159484863281,32,0.6085116565227509,P2P_CS,BEST EPS_TS,LT Growth_CS,REER_TS,Advance Decline_TS,0.5449957818155757,-1.530348398359158,0.9108178832540316,1.539589056045749,2.554587203380455
2016-02-01,-0.08016410418922373,0.0,-0.08016408979892731,0.5894279479980469,16,0.505097284913063,REER_TS,LT Growth_CS,P2P_CS,Best PE _TS,Advance Decline_TS,-1.254982636602424,-0.7045978035028074,-0.6299863659911825,1.075951439732381,1.112794845417914
2016-03-01,-1.0335356222617889,0.0,-1.0335355997085571,0.5660178661346436,16,0.6191496253013611,Budget Def_CS,REER_TS,Best Div Yield_CS,Advance Decline_TS,Advance Decline_CS,-0.8357360381587353,1.026287218136763,-2.93094622705119,-0.8177168354020298,-1.609566228833753
2016-04-01,-0.039940224182020055,0.0,-0.03994021564722061,0.5914068222045898,17,0.6179910600185394,LT Growth_CS,Advance Decline_CS,Best PBK_TS,P2P_TS,Advance Decline_TS,-1.674243497674953,1.848437025849982,-1.574324581975886,-0.2846375902757114,1.485067523166468
2016-05-01,-0.4126639360981283,0.0,-0.41266393661499023,0.6654388904571533,19,0.606637716293335,LT Growth_CS,REER_TS,P2P_TS,Best PBK_TS,Advance Decline_TS,-0.3290539450972373,-2.879158987724239,-0.04650606437120869,-0.438962344399442,1.630361661101486
2016-06-01,0.7479869721916022,0.0,0.747986912727356,0.681736946105957,20,0.6880199909210205,REER_TS,10Yr Bond_TS,BEST EPS_TS,Advance Decline_CS,Advance Decline_TS,-0.4426484568757157,4.280119636771062,-0.585988549315049,-2.133113883738769,2.621566114116483
2016-07-01,-0.7237577398571904,0.2,-0.7237577438354492,0.9932899475097656,28,0.6092999875545502,P2P_TS,Best PE _TS,1MTR_CS,Best PBK_TS,Advance Decline_TS,2.500145160725426,-2.492442060856439,1.147871466607074,-2.553270493297911,-2.221092772464102
2016-08-01,0.26574344116535764,0.0,0.2657434344291687,1.1218030452728271,32,0.6181426644325256,1MTR_CS,REER_CS,Best PBK_TS,P2P_TS,Advance Decline_TS,-0.634931531916842,1.190703861050543,0.5003501581766563,-1.143578992017469,1.4161737105339
2016-09-01,0.8458902998608429,0.2,0.84589022397995,0.8073318004608154,23,0.6467922925949097,10Yr Bond_TS,Debt to EV_TS,P2P_TS,1MTR_CS,Advance Decline_TS,0.7830215275845976,0.02429505284250583,1.393034067157322,-0.1069899118060092,2.136090763525798
2016-10-01,-1.0603849869941897,0.0,-1.06038498878479,0.8676149845123291,24,0.6189039945602417,BEST EPS_TS,Best PBK_TS,Advance Decline_CS,P2P_TS,Advance Decline_TS,-2.787167698054264,0.3751938108071528,-0.5940330976754657,-0.6754700275657157,-1.620447922482656
2016-11-01,-0.7304310546320375,0.0,-0.7304311394691467,0.6684439182281494,19,0.6716076135635376,LT Growth_CS,Earnings Yield_TS,Currency 12_CS,REER_CS,Advance Decline_TS,-1.170088180560336,2.022976698684012,-1.668530296833519,-0.9154553740447213,-1.921058120405623
2016-12-01,0.5965665547172835,0.0,0.5965665578842163,1.0786309242248535,31,0.6636147946119308,Best PBK_TS,P2P_TS,REER_CS,Advance Decline_CS,Advance Decline_TS,0.3461884059912098,0.006587047234913462,1.181803392808934,0.7274051167147966,0.7208488108365632
2017-01-01,0.5456937319914043,0.0,0.5456937551498413,0.749567985534668,21,0.7145696580410004,Advance Decline_CS,Advance Decline_TS,REER_CS,LT Growth_CS,1MTR_CS,-0.2826202913001945,0.009242674188279787,0.4425565766288241,0.3937728552792931,2.165516845160819
2017-02-01,-0.27086014171814077,0.2,-0.27086013555526733,0.7070481777191162,20,0.6282816231250763,Budget Def_CS,LT Growth_CS,1MTR_CS,Advance Decline_TS,Advance Decline_CS,-0.9628254319102257,1.783618630905138,-1.171846907773018,-0.7391269398000491,-0.2641200600125491
2017-03-01,0.021533166825336524,0.2,0.02153318002820015,0.736821174621582,21,0.6272628009319305,Best PBK_TS,P2P_TS,Advance Decline_TS,LT Growth_CS,1MTR_CS,1.776936763979825,-1.297555555800545,-2.232874980077074,2.486085555094805,-0.6249259490703284
2017-04-01,1.2346487186924742,0.0,1.2346488237380981,0.557614803314209,16,0.548429399728775,Currency 12_CS,Current Account_TS,Earnings Yield_TS,P2P_TS,Best PBK_TS,2.05391158191286,0.9937890485860915,0.4755210642781959,1.414397225075898,1.235624673609325
2017-05-01,0.15983453538156625,0.0,0.15983453392982483,0.7928650379180908,23,0.6026792526245117,P2P_TS,Advance Decline_CS,LT Growth_CS,Advance Decline_TS,Current Account_TS,1.192806379398169,0.6919668973234632,-1.906390746156482,0.5873395746289065,0.2334505717137746
2017-06-01,0.5025790877623008,0.0,0.5025790929794312,0.7427918910980225,21,0.5678869336843491,P2P_TS,Advance Decline_TS,Current Account_TS,LT Growth_CS,Best PBK_TS,1.524562340134114,-0.6348854834818564,-0.2124365931917329,0.5473271027119774,1.288328072639002
2017-07-01,0.49010516359062306,0.0,0.49010515213012695,0.5381801128387451,15,0.5927051305770874,Advance Decline_TS,REER_CS,Best PBK_TS,P2P_TS,Current Account_TS,2.088486078588765,1.533588036574417,-0.3849949437563817,-0.9550195188284063,0.168466165374722
2017-08-01,0.2326344638440748,0.2,0.23263445496559143,0.5019152164459229,14,0.5368974804878235,Currency 12_CS,Advance Decline_TS,Best PE _CS,Best PBK_TS,P2P_TS,-1.012283818663534,0.5847655001447895,1.785964707544061,-0.2969536452630857,0.1016795754581429
2017-09-01,-0.18567682996699042,0.0,-0.18567684292793274,0.45696306228637695,13,0.5371248722076416,Current Account_TS,Advance Decline_TS,Best Div Yield_CS,Earnings Yield_TS,P2P_TS,-0.03376649903120282,-1.790871922508993,0.4489515109059401,-0.4102604237316997,0.8575631845310034
2017-10-01,-0.5344804892131485,0.0,-0.5344804525375366,0.7038519382476807,20,0.5303337723016739,Best PBK_TS,LT Growth_CS,Current Account_TS,1MTR_CS,Advance Decline_TS,-1.81486991769168,-1.925138541158205,0.3348072683051664,0.452109209381283,0.2806895350976928
2017-11-01,-0.806023999027801,0.0,-0.8060239553451538,0.49754786491394043,14,0.5998231172561646,LT Growth_CS,Best PBK_TS,Currency 12_CS,Current Account_TS,REER_CS,-2.102137400641272,-1.933768218344913,-1.163352610520197,-0.4555444545856783,1.624682688953055
2017-12-01,0.270092647346403,0.0,0.2700926661491394,1.0795378684997559,31,0.6582522690296173,REER_CS,Best PE _CS,Advance Decline_TS,LT Growth_CS,P2P_TS,-2.039584829581097,1.000393821332588,1.105291548935045,2.286843125414234,-1.002480429368755
2018-01-01,0.500623481814466,0.0,0.5006234645843506,0.6149330139160156,18,0.5992163717746735,Advance Decline_CS,REER_CS,Best PE _CS,Bloom Country Risk_CS,Advance Decline_TS,0.326710483169565,-2.393114343042994,1.903016255752503,0.7828297135023241,1.883675299690932
2018-02-01,-0.0273551341681769,0.0,-0.027355123311281204,1.058983325958252,30,0.5492356270551682,RSI14_TS,3MTR_TS,P2P_TS,Advance Decline_TS,Best PE _CS,0.7357615235025976,-0.8179269901738826,0.9587716264670212,0.4734049037414263,-1.486786734378047
2018-03-01,-0.6161676729288637,0.0,-0.6161676645278931,0.8652031421661377,25,0.6723227202892303,1MTR_CS,Best PE _CS,RSI14_TS,REER_CS,Bloom Country Risk_CS,-0.6811860299043536,-0.7037064760334617,-0.6440150792201456,-0.9667199061205001,-0.08521087336585687
2018-04-01,-0.8702736973554236,0.0,-0.8702737092971802,0.42226529121398926,12,0.6002646386623383,Bloom Country Risk_CS,Advance Decline_CS,Advance Decline_TS,RSI14_TS,1MTR_CS,-1.971683919897613,1.829588391299627,0.226286852510892,-1.86566084260674,-2.569898968083284
2018-05-01,0.13528763203247127,0.2,0.13528767228126526,0.7065689563751221,20,0.624339371919632,Advance Decline_CS,Bloom Country Risk_CS,Advance Decline_TS,Best PE _CS,REER_CS,1.750851195776959,-5.81378376469144,1.750851195776959,-1.899342125274949,4.887861658574827
2018-06-01,0.4897805699590082,0.0,0.48978060483932495,0.7472457885742188,21,0.5585329383611679,Current Account_TS,Best PE _CS,Advance Decline_TS,Advance Decline_CS,P2P_TS,0.6335447015331723,-1.196850896005194,1.648378064990109,0.9557704685721422,0.4080605107048118
2018-07-01,0.023066019168636532,0.0,0.023066017776727676,1.1051130294799805,32,0.5924943834543228,Best PBK_TS,Best Cash Flow_TS,3MTR_TS,P2P_TS,Advance Decline_TS,-0.7325026051879568,0.2303348641657613,1.236039552805026,1.329733717159914,-1.948275433099562
2018-08-01,0.27170765968951693,0.0,0.2717076241970062,1.1303386688232422,32,0.4629778042435646,LT Growth_CS,20 Day Vol_TS,Advance Decline_TS,P2P_TS,Current Account_TS,0.3418534930242474,-5.595992429881709,1.077666112984852,3.161808025965555,2.373203096354639
2018-09-01,-0.5518625442093731,0.0,-0.5518625378608704,0.753065824508667,21,0.6067100018262863,Advance Decline_CS,Advance Decline_TS,Current Account_TS,REER_CS,P2P_TS,-0.007254609592975605,-1.011860496579826,-0.367321884209684,1.396364157401421,-2.769239888065801
2018-10-01,-0.2516679331674384,0.0,-0.25166791677474976,1.0324409008026123,29,0.5512545704841614,Best PBK_TS,Advance Decline_TS,Earnings Yield_TS,Current Account_TS,REER_CS,0.3185396791298617,-1.712974804545019,-0.1682687297647534,-1.65921341970055,1.963577609043269
2018-11-01,3.08795218038848,0.2,3.087952136993408,0.8130741119384766,23,0.5913625210523605,Bloom Country Risk_CS,Currency 12_CS,RSI14_CS,Advance Decline_CS,REER_CS,5.249464959950824,3.383268689015483,3.629288805886,-0.5054323556080847,3.683170802698177
2018-12-01,1.0793255445447374,0.0,1.079325556755066,0.796501874923706,23,0.6916820406913757,Currency 12_CS,Advance Decline_CS,RSI14_CS,Bloom Country Risk_CS,REER_CS,2.290738747458085,-0.4778037935037526,1.211248148220238,2.515455844359975,-0.1430112238108579
2019-01-01,1.4311311140982772,0.2,1.43113112449646,1.1431388854980469,32,0.6646117269992828,REER_CS,Currency 12_CS,Advance Decline_CS,Bloom Country Risk_CS,RSI14_CS,-1.266262898593165,3.585682024854081,1.862830798620528,1.641557710723261,1.331847934886681
2019-02-01,-0.5508615224493483,0.0,-0.5508614778518677,0.6224699020385742,18,0.6825637221336365,RSI14_CS,Currency 12_CS,P2P_TS,RSI14_TS,Bloom Country Risk_CS,0.5795950526721647,-3.688379760856385,2.38704221086279,0.6292170170545012,-2.661782131979812
2019-03-01,-1.0865433168569447,0.2,-1.086543321609497,0.49638795852661133,14,0.5852033197879791,Advance Decline_CS,P2P_TS,Best Div Yield_CS,Currency 12_CS,Bloom Country Risk_CS,0.3622803574601031,2.510752311289291,-2.036525377997714,-4.51495620804176,-1.754267666994644
2019-04-01,-0.27915427608381266,0.0,-0.2791542708873749,0.7274177074432373,21,0.7214131057262421,RSI14_CS,RSI14_TS,P2P_TS,Advance Decline_TS,REER_CS,-0.374895875782098,0.137719479201719,-1.102018322286459,-0.8660323149394726,0.8094556533872473
2019-05-01,0.6190779759963836,0.0,0.6190780401229858,0.5593447685241699,16,0.6605712175369263,3MTR_TS,RSI14_TS,RSI14_CS,REER_CS,Advance Decline_TS,2.036826768116273,0.4984557237992335,0.08284572130363849,0.5798344744724904,-0.1025728077097166
2019-06-01,-0.27484961776899675,0.0,-0.2748495936393738,0.7411930561065674,20,0.525419682264328,Advance Decline_TS,REER_CS,P2P_TS,Bloom Country Risk_CS,RSI14_TS,0.6807230877049757,-0.3511466331584105,-1.018648585732725,-1.024870332665062,0.339694375006238
2019-07-01,0.9415601731550527,0.2,0.9415601491928101,0.631842851638794,18,0.68010413646698,Current Account_TS,Bloom Country Risk_CS,REER_CS,RSI14_TS,Advance Decline_TS,1.732467983607604,3.110637068609555,0.7690547665451035,-0.2836015721384653,-0.6207573808485332
2019-08-01,-0.8000194890124854,0.0,-0.8000194430351257,0.9417080879211426,27,0.5606834441423416,3MTR_CS,Current Account_CS,RSI14_TS,Bloom Country Risk_CS,REER_CS,-0.8436014975935977,0.6345664875167467,-2.083247517547108,-1.816019329485914,0.1082044120474461
2019-09-01,0.8976525002957054,0.0,0.8976524472236633,0.5535340309143066,16,0.578018382191658,BEST EPS_CS,RSI14_TS,Advance Decline_CS,P2P_TS,REER_CS,2.084026840264299,2.157120819677147,0.7204238432424945,-0.2106608232083487,-0.2626481784970655
2019-10-01,-0.039304197080433645,0.2,-0.039304159581661224,0.4566922187805176,13,0.49413982033729553,Advance Decline_TS,RSI14_TS,REER_CS,P2P_TS,Bloom Country Risk_CS,-1.493515367595182,-0.9313457020319604,2.298233431159346,0.3083803131556678,-0.37827366009004
2019-11-01,0.18990078604093702,0.4,0.18990078568458557,0.9235677719116211,27,0.5298758000135422,Advance Decline_TS,Current Account_TS,Advance Decline_CS,Currency 12_CS,REER_CS,-3.041488065541024,2.539018568228703,2.800093189622958,-1.73070796541626,0.3825882033103077
2019-12-01,-0.3386595271843058,0.0,-0.33865952491760254,0.5288341045379639,15,0.36434388160705566,Best PE _CS,LT Growth_CS,Best Div Yield_CS,P2P_TS,Bloom Country Risk_CS,0.1194447821845059,-0.5897772572888239,-1.187675153022346,-0.9078881112001024,0.8725981034052372
2020-01-01,-0.1138522007663532,0.2,-0.11385221779346466,0.548760175704956,16,0.5625976026058197,RSI14_TS,Currency 12_CS,BEST EPS_CS,Bloom Country Risk_CS,REER_CS,-0.6425159729273475,-1.100446747425977,2.12410530832384,-1.326361202219713,0.3759576104174316
2020-02-01,-1.321360201249278,0.0,-1.3213602304458618,0.8674709796905518,25,0.576863020658493,Best ROE_TS,RSI14_TS,RSI14_CS,Bloom Country Risk_CS,REER_CS,1.297162363387666,-2.849816378253392,-2.849816378253393,-2.389756422413518,0.1854258092862465
2020-03-01,2.722064188528474,0.2,2.7220640182495117,0.8345048427581787,24,0.5594626665115356,Best PE _CS,BEST EPS_TS,P2P_TS,Advance Decline_CS,REER_CS,0.14081684396266,3.491666163713147,1.189004130306662,6.370988525757608,2.417845278902295
2020-04-01,0.36852122610382637,0.0,0.36852121353149414,0.48681092262268066,14,0.5288082361221313,Inflation_TS,REER_CS,Currency 12_CS,Advance Decline_CS,P2P_TS,1.261479341758447,1.977398969130013,-0.2550708336972712,0.4388786308573284,-1.580079977529385
2020-05-01,-0.2658838616971989,0.0,-0.2658838629722595,0.5595929622650146,16,0.6295730471611023,BEST EPS_CS,P2P_TS,Inflation_TS,Advance Decline_CS,REER_CS,2.039702151695672,1.647443052019111,-5.220131292317235,0.9515809341177393,-0.7480141540012821
2020-06-01,-0.705903102269781,0.0,-0.705903172492981,0.5348107814788818,15,0.565552368760109,Current Account_TS,Trailing EPS 36_TS,RSI14_TS,REER_CS,Advance Decline_CS,-0.5597214142223105,-3.418404745488452,1.185513585159019,0.1978929401197489,-0.9347958769169107
2020-07-01,0.8172830989987659,0.0,0.817283034324646,0.6418638229370117,19,0.7259601056575775,Bloom Country Risk_CS,Best ROE_TS,REER_CS,RSI14_TS,Advance Decline_CS,0.5385843685763975,2.067285261081247,1.388961562080193,-0.9338428426599897,1.025427145915982
2020-08-01,-0.512408784952247,0.2,-0.5124088525772095,0.7568190097808838,22,0.5918516218662262,Shiller PE_TS,RSI14_CS,RSI14_TS,Advance Decline_CS,REER_CS,-1.691193675483283,-1.273274959348155,-1.52511217731954,3.48926654478049,-1.561729657390747
2020-09-01,-0.33421357130881507,0.0,-0.3342135548591614,0.6254420280456543,18,0.5726683437824249,Currency 12_TS,Inflation_TS,RSI14_TS,REER_CS,Advance Decline_CS,-1.527810279644027,0.4112965871919474,0.225838353665497,-0.7782566095920481,-0.002135908165444567
2020-10-01,0.4751426939401062,0.0,0.4751427173614502,0.7618119716644287,22,0.6037853062152863,120MA Signal_CS,Inflation_TS,120MA_TS,REER_CS,Advance Decline_CS,2.403025083999149,-2.407193975381981,0.5966261825121555,0.8642732978014036,0.918982880769804
2020-11-01,0.24319230731935892,0.0,0.24319234490394592,0.7714970111846924,22,0.5773592591285706,Inflation_CS,Current Account_CS,Currency 12_CS,REER_CS,Advance Decline_CS,1.328321075515709,0.2747666274798999,2.562940800017749,1.03978560653204,-3.989852572948603
2020-12-01,0.5201741772603494,0.0,0.5201742053031921,0.7190320491790771,20,0.7365117371082306,Trailing EPS 36_TS,Advance Decline_CS,RSI14_TS,Best ROE_TS,REER_CS,-0.9100459245177994,-1.923782416883011,2.511882671902524,-0.09319360069193344,3.016010156491967
2021-01-01,-0.30180679340407596,0.0,-0.30180680751800537,0.5205879211425781,15,0.5516059696674347,Currency 12_CS,360 Day Vol_TS,Best PE _CS,Inflation_TS,REER_CS,-1.631752946974487,-0.1499560863981288,0.7490319488568009,-1.655566326812799,1.179209444308234
2021-02-01,-0.5585010232322761,0.2,-0.5585010647773743,0.9188079833984375,26,0.6121377348899841,Best PE _CS,Trailing EPS 36_TS,Advance Decline_CS,RSI14_TS,REER_CS,-1.883730447525963,1.870276943000714,-0.7216863449728932,-1.399549325011317,-0.6578159416519215
2021-03-01,-1.1643773055315543,0.0,-1.1643774509429932,1.21675705909729,35,0.6222037076950073,Best ROE_TS,Best Cash Flow_TS,REER_CS,Advance Decline_CS,RSI14_TS,1.405967299612138,-2.570158092328557,0.4282315702119464,-2.412179137575499,-2.6737481675778
2021-04-01,-0.05888929095161486,0.0,-0.05888928845524788,0.9897000789642334,28,0.5908120572566986,REER_CS,Best Div Yield_CS,Best Div Yield_TS,Advance Decline_CS,360 Day Vol_TS,0.4057607682458681,0.497054551158119,0.1448345710111692,-0.6206874430898752,-0.7214089020833554
2021-05-01,-1.5724876916970414,0.0,-1.5724875926971436,0.892963171005249,26,0.5920984148979187,120MA Signal_TS,Advance Decline_CS,Trailing EPS 36_TS,REER_CS,RSI14_TS,-2.41378752648486,-2.703950148105395,-0.07353178939823908,-0.2227452143596483,-2.448423780137065
2021-06-01,1.1644259649711526,0.2,1.1644258499145508,1.7945818901062012,51,0.683440774679184,REER_CS,RSI14_TS,Best ROE_TS,360 Day Vol_TS,Trailing EPS 36_TS,0.576168554909874,-2.079000149982889,3.994507562391848,1.887316958763344,1.443136898773586
2021-07-01,1.6853024369880534,0.2,1.6853023767471313,1.0913560390472412,31,0.5888619124889374,Currency 12_CS,360 Day Vol_TS,120MA_TS,Trailing EPS 36_TS,Best ROE_TS,3.712556979926548,-0.865274228187924,1.612806945571985,2.719775249443178,1.246647238186479
2021-08-01,0.1406894520743624,0.0,0.1406894028186798,0.6159050464630127,17,0.6261203289031982,Budget Def_CS,Currency 12_TS,Best Cash Flow_TS,REER_CS,Trailing EPS 36_TS,-2.00848901515563,1.167803968115486,1.26092642330425,2.197022553276311,-1.913816669168605
2021-09-01,-0.5263803763130976,0.0,-0.5263804197311401,1.0516910552978516,30,0.694126158952713,Trailing EPS 36_TS,RSI14_TS,Budget Def_CS,REER_CS,120MA_TS,-0.1950810320601466,0.1913258948377669,-1.387184088518756,-1.612571686802545,0.3716090309781928
2021-10-01,0.19946454980644995,0.2,0.19946454465389252,0.547961950302124,16,0.468095600605011,Advance Decline_CS,Current Account_CS,Trailing EPS 36_TS,360 Day Vol_TS,REER_CS,0.4082304090830661,0.8645432373442449,1.901094276185622,-1.027991713272814,-1.148553460307869
2021-11-01,0.681322101897822,0.0,0.6813220977783203,1.0151190757751465,29,0.5140363872051239,RSI14_TS,Inflation_TS,REER_CS,360 Day Vol_TS,Trailing EPS 36_TS,-0.0455551642979786,2.777692535433398,-0.8497762741833982,0.9370475903976861,0.5872018221394028
2021-12-01,-0.1990086781939689,0.0,-0.19900870323181152,0.6730279922485352,19,0.5298619121313095,Currency 12_TS,Current Account_CS,360 Day Vol_TS,REER_CS,Trailing EPS 36_TS,0.4923666814183256,-0.3458991379463295,-3.099649610034984,0.6898205706451208,1.268318104948023
2022-01-01,0.05742381069953088,0.0,0.05742378160357475,2.3270649909973145,66,0.4796161502599716,Budget Def_CS,Currency 12_CS,Best ROE_TS,360 Day Vol_TS,Trailing EPS 36_TS,-6.565837937280855,0.8252053121285198,4.526499921127096,-0.9532289484904575,2.454480706013351
2022-02-01,0.2490778429642746,0.2,0.24907784163951874,0.7680099010467529,22,0.3912711441516876,Best Cash Flow_TS,120MA Signal_TS,RSI14_TS,360 Day Vol_TS,Trailing EPS 36_TS,3.585361833909755,-2.136620397160332,-0.1075007891095284,0.09217767354432488,-0.1880291063628466
2022-03-01,0.8195045574562727,0.0,0.8195045590400696,1.2431070804595947,35,0.6339718848466873,BEST EPS_CS,REER_CS,Best ROE_TS,120MA_TS,Trailing EPS 36_TS,4.830624642517607,-1.180310317721512,2.536422203101221,-1.501252149799448,-0.5879615908165051
2022-04-01,1.2072366975217264,0.2,1.207236647605896,1.3016440868377686,37,0.5960502922534943,Best ROE_TS,REER_CS,Trailing EPS 36_TS,P2P_CS,RSI14_TS,0.5119509668692429,2.257322120239163,-1.646038698018519,4.232207573591531,0.6807415249272135
2022-05-01,1.5772358157547015,0.2,1.5772359371185303,0.6211869716644287,18,0.5298471599817276,Trailing EPS 36_TS,Advance Decline_CS,360 Day Vol_TS,Best Cash Flow_TS,Best Div Yield_CS,-0.0209744936920264,-1.319430615480985,1.408579453437822,4.559556207004209,3.258448527504487
2022-06-01,-1.4877813212940896,0.2,-1.487781286239624,1.451685905456543,41,0.8543702960014343,Best PE _CS,RSI14_TS,Bloom Country Risk_CS,EV to EBITDA_TS,Best Div Yield_CS,-5.701271502482272,6.336575033621051,-1.969787879503472,-1.248050629686931,-4.856371628418824
2022-07-01,-0.4413130094589384,0.0,-0.4413129687309265,0.733025074005127,21,0.5824053883552551,Trailing EPS 36_TS,Best Cash Flow_TS,Best Div Yield_CS,RSI14_TS,REER_CS,-1.144813393314424,-2.155313222883431,0.5923593230933576,1.072632646965791,-0.5714304011559854
2022-08-01,2.492600188864107,0.0,2.492600202560425,1.2227387428283691,34,0.6689119338989258,Best Div Yield_TS,Best Cash Flow_TS,1MTR_CS,Inflation_CS,RSI14_TS,4.231368838695521,2.486903533417127,2.156542596770077,3.243697291262992,0.3444886841748174
2022-09-01,0.7429945073955849,0.2,0.742994487285614,0.7709760665893555,22,0.7163639068603516,P2P_CS,BEST EPS_CS,Best ROE_CS,REER_CS,Best Div Yield_CS,-1.654975142454192,3.353469932718132,0.181861112641532,-0.1631767101984205,1.997793344270873
2022-10-01,0.6256975146566393,0.0,0.6256975531578064,0.8077940940856934,23,0.695207953453064,RSI14_TS,10Yr Bond_TS,REER_CS,Best ROE_CS,Best Div Yield_CS,-12.99508888817703,2.469512267865579,4.434612632866442,2.204776697340368,7.014674863387837
2022-11-01,-0.07268531492422488,0.0,-0.07268532365560532,0.7655110359191895,22,0.8204085826873779,BEST EPS_CS,Best ROE_TS,Best ROE_CS,REER_CS,Best Div Yield_CS,-3.516441317099303,0.6025681065901373,-0.4261508912967435,2.068968642154606,0.9076288850301789
2022-12-01,2.1365522986946797,0.2,2.136552333831787,0.5412030220031738,15,0.7626199126243591,Best PE _TS,360 Day Vol_TS,10Yr Bond_TS,Trailing EPS 36_TS,Best Div Yield_CS,2.779590400287079,1.988967174141313,-0.6160896795238813,3.985180328219851,2.545113270349036
2023-01-01,-0.7938106406692957,0.0,-0.7938106656074524,0.580219030380249,17,0.6903907656669617,Advance Decline_CS,Budget Def_TS,REER_CS,360 Day Vol_TS,Best Div Yield_CS,0.5839494591550087,-2.077604071274298,-3.777922564705659,1.660333037941033,-0.3578090644625637
2023-02-01,0.5328990875331434,0.0,0.5328991413116455,0.6181869506835938,18,0.697125643491745,360 Day Vol_TS,Advance Decline_CS,Best Cash Flow_TS,REER_CS,Best Div Yield_CS,0.3152263606804651,-2.210757090493537,0.8086178485918212,1.849309660449383,1.902098658437585
2023-03-01,-1.5444863449938668,0.0,-1.5444862842559814,0.8421950340270996,24,0.8455520868301392,Advance Decline_CS,Best ROE_TS,Currency 12_TS,REER_CS,Best Div Yield_CS,-1.296207818488524,-3.115507424239615,1.076686139844863,-1.468764695439314,-2.918637926646744
2023-04-01,0.09868337892747721,0.0,0.09868337959051132,0.6823420524597168,19,0.6790744662284851,Best Cash Flow_CS,Debt to EV_CS,Best PE _CS,Trailing EPS 36_TS,REER_CS,1.344354970907353,-1.192641486871211,1.933787855576229,-0.1823394698963997,-1.409744975078585
2023-05-01,-0.18880004662422784,0.0,-0.18880006670951843,0.7120630741119385,20,0.7626221179962158,Trailing EPS 36_TS,Currency 12_TS,360 Day Vol_TS,REER_CS,Best Div Yield_CS,-0.9252866931562659,-2.218155814144757,1.383788159965368,0.7767613989337677,0.03889271528074792
2023-06-01,0.9091718650222477,0.0,0.9091718792915344,0.5496628284454346,16,0.762602686882019,BEST EPS_CS,360 Day Vol_TS,Currency 12_CS,REER_CS,Best Div Yield_CS,1.09858533414558,2.118065721116515,-1.065098994684458,-1.85058163246038,4.244888896993982
2023-07-01,0.601380316147434,0.0,0.6013803482055664,0.6048181056976318,18,0.6981098055839539,Inflation_CS,Budget Def_TS,Current Account_TS,360 Day Vol_TS,Best Div Yield_CS,1.652017025030698,0.5375501310563247,-2.140255720723686,0.3544476644169715,2.603142480956862
2023-08-01,0.4144903069121053,0.0,0.414490282535553,0.9683480262756348,29,0.7994504868984222,Advance Decline_CS,REER_CS,Trailing EPS 36_TS,Best ROE_TS,Best Div Yield_CS,-0.386365101226157,0.8629882051908427,0.4205279826472126,2.310500244674229,-1.135199796725601
2023-09-01,-0.4850446942321593,0.0,-0.4850447177886963,0.6414010524749756,19,0.6543609499931335,Trailing EPS 36_TS,Best PE _CS,Best Cash Flow_TS,360 Day Vol_TS,Best Div Yield_CS,-0.4729325776162974,0.3839509080466035,0.2558842028327589,-2.334790681063335,-0.2573353233605268
2023-10-01,0.502507462114227,0.0,0.5025075078010559,0.5115420818328857,15,0.7284008115530014,Budget Def_TS,Currency 12_CS,Inflation_CS,Debt to EV_CS,1MTR_TS,-0.1977286040904414,-0.7153263942363784,1.03706063314766,-1.271832683499636,3.660364359249931
2023-11-01,0.30825526532979375,0.0,0.30825525522232056,1.2302026748657227,35,0.6291137635707855,Trailing EPS 36_TS,Debt to EV_CS,Best ROE_CS,360 Day Vol_TS,Best Div Yield_CS,0.2036292456962699,0.070290323227655,0.8956462972285208,-0.6050520301379023,0.9767624906344252
2023-12-01,-1.2541930615210746,0.0,-1.2541929483413696,0.5882980823516846,17,0.7759872674942017,Best PE _CS,Inflation_CS,Best ROE_TS,1MTR_TS,Best Div Yield_CS,-1.900531002235437,0.7320354199206791,-2.128793584549834,-2.740663598034845,-0.2330125427059355
2024-01-01,0.44228577983525313,0.0,0.44228577613830566,1.4371492862701416,41,0.9263776242733002,Best ROE_TS,Best Div Yield_CS,20 Day Vol_TS,Current Account_TS,Best Cash Flow_CS,3.188961165682531,-0.09061865128842939,-3.463451737971461,2.489934938956331,0.08660318379729408
2024-02-01,-0.5942337069059775,0.0,-0.5942336916923523,0.53318190574646,15,0.7863702178001404,Current Account_TS,Inflation_CS,BEST EPS_CS,Budget Def_TS,Best Div Yield_CS,-0.2259699772639453,-1.801124883626138,-1.178758723600763,0.1781680625471717,0.05651698741378705
2024-03-01,1.0289500208871882,0.4,1.0289499759674072,2.2580740451812744,64,0.7647963464260101,Current Account_CS,Budget Def_TS,Currency 12_CS,120MA_TS,Current Account_TS,-0.1915649192686268,0.6037372065215149,0.2252746401525486,1.737062392283619,2.770240784746886
2024-04-01,0.17616500058324078,0.0,0.17616501450538635,0.654914140701294,19,0.5868322402238846,Budget Def_TS,Best ROE_CS,120MA_TS,Best Div Yield_CS,Current Account_TS,1.706545852693713,2.06405731036273,-2.409894061926962,0.3800052268055414,-0.8598893250188187
2024-05-01,2.216344118035123,0.2,2.2163443565368652,1.5741779804229736,46,0.6943697035312653,Budget Def_TS,120MA_TS,Best ROE_TS,360 Day Vol_TS,Current Account_TS,2.770230108090752,2.230187446884946,2.449551943573757,1.478144026549287,2.15360706507687
2024-06-01,0.3859565733633663,0.2,0.3859565854072571,0.6169929504394531,18,0.6468645483255386,Best ROE_TS,Budget Def_TS,360 Day Vol_TS,Trailing EPS 36_TS,Best Div Yield_CS,0.5550764887078505,3.484289091428208,0.8614548026326987,-1.427018403754392,-1.544019112197533
2024-07-01,-1.1514442555153646,0.0,-1.1514441967010498,0.8824949264526367,26,0.8441234529018402,Best Div Yield_CS,120MA_TS,Best ROE_TS,Budget Def_TS,Current Account_TS,-0.5137390020763041,-1.116366910606637,-1.483443539876288,-0.2336065036182191,-2.410065321399374
2024-08-01,-0.5714713053977729,0.0,-0.5714713335037231,0.6678159236907959,19,0.8727756142616272,Trailing EPS 36_TS,120MA_TS,Budget Def_TS,Best Div Yield_CS,Current Account_TS,-0.9858762615738499,-1.367350754353744,-2.826000814225303,2.259532094630428,0.06233920853360407
2024-09-01,-0.845661726487592,0.0,-0.8456616401672363,1.1911602020263672,34,0.6198190450668335,Best PE _TS,Inflation_CS,Budget Def_TS,360 Day Vol_TS,Best Div Yield_CS,5.951126984847457,-1.972898058999457,-4.839169705744096,-2.143153643382331,-1.224214209159534
2024-10-01,-0.35658126031188225,0.0,-0.35658127069473267,0.5906028747558594,16,0.5150543302297592,Inflation_CS,360 Day Vol_TS,Budget Def_TS,Best Div Yield_CS,Current Account_TS,-2.081243005159755,0.05311498046689095,0.4356743339781817,0.1023573479981221,-0.2928099588428511
2024-11-01,0.590328253439767,0.2,0.5903282761573792,0.6560721397399902,19,0.5859008431434631,10Yr Bond_TS,Best PE _TS,Budget Def_TS,120MA_TS,Best Div Yield_CS,4.061522688059097,-2.461414142183094,2.439792308969192,2.627184211539829,-3.715443799186189
2024-12-01,-0.7438339453614656,0.0,-0.7438338994979858,1.2965710163116455,38,0.619635283946991,Best ROE_TS,120MA_TS,Trailing EPS 36_TS,Budget Def_TS,Best Div Yield_CS,0.01215430336678792,-1.347768662808634,0.3864771813878967,-1.920149029229909,-0.8498835195234696
2025-01-01,-0.19344501574410863,0.0,-0.19344504177570343,1.4964642524719238,44,0.7117776870727539,Current Account_TS,Debt to EV_CS,BEST EPS_CS,120MA_TS,Trailing EPS 36_TS,-0.8672956236285192,1.067824686059798,1.087382662610381,-1.214247801017599,-1.040889002744604
2025-02-01,-1.0983468015640871,0.0,-1.0983467102050781,0.433521032333374,12,0.44158488512039185,Advance Decline_CS,Debt to EV_CS,10Yr Bond_TS,Trailing EPS 36_TS,Best Div Yield_CS,-4.144696888130813,3.000580069810173,-3.267660151873705,-0.701436673427017,-0.3785203641990735
2025-03-01,-0.9124630221588538,0.2,-0.9124630093574524,0.8806142807006836,25,0.6363840699195862,Current Account_TS,Trailing EPS 36_TS,Debt to EV_CS,Budget Def_TS,Best Div Yield_CS,-5.649197312537301,1.425279362351693,0.2899775887561178,-5.247524451898104,4.619149702533325
